mês;ano;hom_doloso;lesao_corp_morte;latrocinio;tentat_hom;lesao_corp_dolosa;estupro;hom_culposo;lesao_corp_culposa;encontro_cadaver;encontro_ossada;roubo_comercio;roubo_residencia;roubo_veiculo;roubo_carga;roubo_transeunte;roubo_em_coletivo;roubo_banco;roubo_cx_eletronico;roubo_celular;roubo_conducao_saque;roubo_bicicleta;outros_roubos;furto_veiculos;furto_bicicleta;outros_furtos;sequestro;extorsao;sequestro_relampago;estelionato;apreensao_drogas;recuperacao_veiculos;cump_mandado_prisao;ameaca;pessoas_desaparecidas;hom_por_interv_policial;armas_apreendidas;prisoes;grp;apf_cmp;apreensoes;gaai;aaapai_cmba;registro_ocorrencias;pol_militares_mortos_serv;pol_civis_mortos_serv;letalidade;roubo_rua;roubo_veic_meta;fase
1;1991;657;;15;162;3051;;;;217;;350;188;1174;63;967;381;37;;;;;158;2009;;4708;;;;;133;872;;;;;;;;;;;;;;;672;1348;1174;3
2;1991;732;;17;175;3421;;;;209;;357;171;1097;64;963;432;35;;;;;142;1850;;4375;;;;;127;751;;;;;;;;;;;;;;;749;1395;1097;3
3;1991;713;;25;216;3613;;;;188;;443;191;1265;71;963;422;43;;;;;131;2084;;4635;;;;;80;789;;;;;;;;;;;;;;;738;1385;1265;3
4;1991;634;;20;200;3211;;;;140;;425;199;1415;81;1186;354;36;;;;;112;2085;;4485;;;;;133;787;;;;;;;;;;;;;;;654;1540;1415;3
5;1991;650;;20;146;3051;;;;78;;553;231;1449;82;931;335;27;;;;;147;2185;;4269;;;;;163;845;;;;;;;;;;;;;;;670;1266;1449;3
6;1991;647;;14;201;2977;;;;111;;518;178;1354;82;831;342;37;;;;;81;1992;;4192;;;;;157;802;;;;;;;;;;;;;;;661;1173;1354;3
7;1991;558;;14;201;2784;;;;126;;496;186;1365;82;797;308;25;;;;;94;1978;;4304;;;;;203;870;;;;;;;;;;;;;;;572;1105;1365;3
8;1991;557;;11;209;3134;;;;79;;498;189;1347;71;813;299;29;;;;;88;1835;;4435;;;;;215;809;;;;;;;;;;;;;;;568;1112;1347;3
9;1991;542;;19;146;3026;;;;71;;473;199;1353;91;805;281;12;;;;;90;1993;;4270;;;;;179;756;;;;;;;;;;;;;;;561;1086;1353;3
10;1991;613;;21;200;3482;;;;95;;561;228;1470;83;834;328;16;;;;;107;1999;;4483;;;;;184;818;;;;;;;;;;;;;;;634;1162;1470;3
11;1991;577;;13;192;3300;;;;50;;569;239;1600;94;978;409;26;;;;;97;2039;;4485;;;;;170;886;;;;;;;;;;;;;;;590;1387;1600;3
12;1991;638;;16;202;4003;;;;95;;563;242;1563;157;1022;358;24;;;;;131;1930;;4591;;;;;122;905;;;;;;;;;;;;;;;654;1380;1563;3
1;1992;617;;19;176;3155;;;;90;;579;271;1801;172;962;373;12;;;;;126;2357;;4956;;;;;189;984;;;;;;;;;;;;;;;636;1335;1801;3
2;1992;691;;27;184;3413;;;;90;;613;300;1877;200;967;426;28;;;;;139;2236;;4650;;;;;154;917;;;;;;;;;;;;;;;718;1393;1877;3
3;1992;767;;12;181;3732;;;;72;;559;250;1825;172;1069;426;27;;;;;82;2241;;4922;;;;;179;951;;;;;;;;;;;;;;;779;1495;1825;3
4;1992;648;;29;172;3293;;;;66;;544;268;2090;182;1050;438;13;;;;;119;2199;;4716;;;;;138;969;;;;;;;;;;;;;;;677;1488;2090;3
5;1992;639;;28;196;3042;;;;56;;523;276;2194;143;940;439;16;;;;;126;2422;;4638;;;;;149;1042;;;;;;;;;;;;;;;667;1379;2194;3
6;1992;583;;26;145;3013;;;;61;;444;237;2220;171;901;417;10;;;;;93;2340;;4413;;;;;158;933;;;;;;;;;;;;;;;609;1318;2220;3
7;1992;541;;36;130;2881;;;;67;;412;214;2167;151;810;384;19;;;;;107;2415;;4459;;;;;188;951;;;;;;;;;;;;;;;577;1194;2167;3
8;1992;616;;27;128;3034;;;;53;;375;249;1959;134;850;397;15;;;;;114;2288;;4504;;;;;186;900;;;;;;;;;;;;;;;643;1247;1959;3
9;1992;560;;19;135;2897;;;;63;;340;255;2165;168;808;370;13;;;;;112;2315;;4326;;;;;191;940;;;;;;;;;;;;;;;579;1178;2165;3
10;1992;638;;24;160;3337;;;;66;;361;258;2322;135;827;406;25;;;;;121;2452;;4468;;;;;162;934;;;;;;;;;;;;;;;662;1233;2322;3
11;1992;658;;19;149;3190;;;;69;;365;247;2050;122;807;377;26;;;;;107;2355;;4350;;;;;175;910;;;;;;;;;;;;;;;677;1184;2050;3
12;1992;677;;22;154;3502;;;;96;;351;255;1832;186;823;357;23;;;;;91;1999;;4625;;;;;174;815;;;;;;;;;;;;;;;699;1180;1832;3
1;1993;597;;13;139;3411;;;;85;;299;233;2048;133;688;410;20;;;;;104;2341;;4552;;;;;175;855;;;;;;;;;;;;;;;610;1098;2048;3
2;1993;651;;17;171;3449;;;;85;;279;220;1897;135;752;348;20;;;;;111;2127;;4132;;;;;160;731;;;;;;;;;;;;;;;668;1100;1897;3
3;1993;755;;18;169;3434;;;;76;;337;218;2289;146;735;450;13;;;;;161;2458;;4445;;;;;164;869;;;;;;;;;;;;;;;773;1185;2289;3
4;1993;721;;23;156;3246;;;;61;;294;216;1994;139;829;395;25;;;;;142;2088;;4179;;;;;139;947;;;;;;;;;;;;;;;744;1224;1994;3
5;1993;665;;24;152;3251;;;;55;;350;193;2008;117;755;447;17;;;;;133;2287;;4121;;;;;160;956;;;;;;;;;;;;;;;689;1202;2008;3
6;1993;624;;24;127;2466;;;;60;;310;214;1988;114;749;391;17;;;;;127;2199;;3958;;;;;138;992;;;;;;;;;;;;;;;648;1140;1988;3
7;1993;657;;20;142;3016;;;;45;;290;199;2029;138;818;355;14;;;;;118;2272;;4142;;;;;156;1018;;;;;;;;;;;;;;;677;1173;2029;3
8;1993;617;;22;136;2888;;;;59;;247;205;2097;143;899;351;15;;;;;124;2273;;4135;;;;;108;952;;;;;;;;;;;;;;;639;1250;2097;3
9;1993;572;;19;122;2566;;;;47;;297;217;2058;143;787;362;14;;;;;98;2354;;3929;;;;;126;1007;;;;;;;;;;;;;;;591;1149;2058;3
10;1993;634;;29;159;3223;;;;52;;282;249;2228;142;903;412;28;;;;;119;2393;;4119;;;;;154;1088;;;;;;;;;;;;;;;663;1315;2228;3
11;1993;609;;31;139;3198;;;;71;;328;220;2181;166;958;423;25;;;;;127;2173;;4002;;;;;134;1139;;;;;;;;;;;;;;;640;1381;2181;3
12;1993;618;;25;129;3485;;;;96;;326;221;1973;185;907;378;17;;;;;123;1932;;4057;;;;;135;1065;;;;;;;;;;;;;;;643;1285;1973;3
1;1994;671;;19;159;3120;;;;56;;304;216;2010;94;912;352;18;;;;;136;2286;;3945;;;;;133;1055;;;;;;;;;;;;;;;690;1264;2010;3
2;1994;704;;20;129;3407;;;;89;;316;184;2033;96;842;371;18;;;;;114;1862;;3626;;;;;121;1111;;;;;;;;;;;;;;;724;1213;2033;3
3;1994;740;;22;132;2909;;;;64;;358;249;2725;101;1041;449;26;;;;;166;2630;;3871;;;;;130;1303;;;;;;;;;;;;;;;762;1490;2725;3
4;1994;737;;20;137;2752;;;;71;;377;200;2497;112;980;448;20;;;;;170;2394;;3643;;;;;127;1218;;;;;;;;;;;;;;;757;1428;2497;3
5;1994;621;;24;122;2839;;;;66;;371;225;2589;139;981;481;22;;;;;180;2548;;3709;;;;;169;1410;;;;;;;;;;;;;;;645;1462;2589;3
6;1994;682;;16;160;2549;;;;66;;324;198;2560;112;977;356;10;;;;;126;2409;;3462;;;;;152;1450;;;;;;;;;;;;;;;698;1333;2560;3
7;1994;681;;24;137;2731;;;;73;;279;179;2360;140;912;374;17;;;;;118;2497;;3446;;;;;168;1456;;;;;;;;;;;;;;;705;1286;2360;3
8;1994;610;;18;134;2350;;;;71;;914;196;2196;108;1174;426;19;;;;;170;2281;;4523;;;;;166;1312;;;;;;;;;;;;;;;628;1600;2196;3
9;1994;694;;12;138;2887;;;;80;;278;157;2170;92;849;427;36;;;;;127;1841;;3259;;;;;179;1369;;;;;;;;;;;;;;;706;1276;2170;3
10;1994;761;;8;177;3122;;;;83;;302;144;2361;102;897;331;44;;;;;111;2068;;3194;;;;;152;1483;;;;;;;;;;;;;;;769;1228;2361;3
11;1994;681;;19;145;3481;;;;96;;287;160;1957;101;1043;338;38;;;;;127;1736;;3299;;;;;190;1383;;;;;;;;;;;;;;;700;1381;1957;3
12;1994;826;;21;196;3550;;;;98;;293;165;2012;189;1045;406;42;;;;;159;1679;;3283;;;;;143;1480;;;;;;;;;;;;;;;847;1451;2012;3
1;1995;831;;17;166;3626;;;;98;;323;174;2060;188;1056;377;38;;;;;134;1924;;3461;;;;;147;1435;;;;;;;;;;;;;;;848;1433;2060;3
2;1995;814;;16;179;3286;;;;78;;294;144;1876;118;981;350;32;;;;;152;1737;;2984;;;;;194;1293;;;;;;;;;;;;;;;830;1331;1876;3
3;1995;756;;17;168;3258;;;;69;;352;159;2271;160;976;413;26;;;;;190;2135;;3346;;;;;181;1491;;;;;;;;;;;;;;;773;1389;2271;3
4;1995;788;;20;170;3028;;;;93;;315;150;2293;86;1033;426;37;;;;;176;1842;;2996;;;;;230;1496;;;;;;;;;;;;;;;808;1459;2293;3
5;1995;784;;19;149;2864;;;;89;;322;158;2178;101;1021;415;26;;;;;169;1843;;3256;;;;;192;1615;;;;;;;;;;;;;;;803;1436;2178;3
6;1995;673;;20;141;2786;;;;97;;298;132;2061;94;883;442;31;;;;;174;1951;;3069;;;;;246;1580;;;;;;;;;;;;;;;693;1325;2061;3
7;1995;702;;12;190;3266;;;;101;;343;157;2010;74;904;416;43;;;;;159;1927;;3128;;;;;326;1557;;;;;;;;;;;;;;;714;1320;2010;3
8;1995;664;;12;187;3256;;;;116;;367;124;2007;68;963;445;49;;;;;182;1817;;3319;;;;;446;1626;;;;;;;;;;;;;;;676;1408;2007;3
9;1995;623;;19;165;3178;;;;70;;299;97;1906;62;936;498;29;;;;;154;1736;;3083;;;;;355;1495;;;;;;;;;;;;;;;642;1434;1906;3
10;1995;565;;18;160;3207;;;;108;;361;122;1806;59;867;486;37;;;;;147;1819;;3134;;;;;395;1459;;;;;;;;;;;;;;;583;1353;1806;3
11;1995;603;;17;129;3180;;;;110;;288;130;1699;98;871;456;54;;;;;149;1622;;3069;;;;;418;1342;;;;;;;;;;;;;;;620;1327;1699;3
12;1995;635;;13;140;3534;;;;104;;324;78;1509;90;890;402;38;;;;;153;1575;;3213;;;;;378;1233;;;;;;;;;;;;;;;648;1292;1509;3
1;1996;621;;10;173;3680;;;;156;;243;96;1569;196;986;413;26;;;;;194;1731;;3395;;;;;416;1015;;;;;;;;;;;;;;;631;1399;1569;3
2;1996;601;;17;146;3389;;;;71;;274;67;1555;216;1002;436;31;;;;;162;1526;;3325;;;;;362;901;;;;;;;;;;;;;;;618;1438;1555;3
3;1996;706;;14;200;3428;;;;111;;315;84;1890;265;994;480;30;;;;;243;1829;;3422;;;;;474;1109;;;;;;;;;;;;;;;720;1474;1890;3
4;1996;578;;14;139;3304;;;;82;;433;120;1741;250;1006;530;47;;;;;207;1720;;3406;;;;;492;1025;;;;;;;;;;;;;;;592;1536;1741;3
5;1996;556;;16;162;3228;;;;77;;335;84;1652;244;1025;567;24;;;;;196;1777;;3439;;;;;561;1118;;;;;;;;;;;;;;;572;1592;1652;3
6;1996;596;;18;157;3310;;;;64;;294;77;1506;237;958;507;22;;;;;173;1586;;3135;;;;;506;951;;;;;;;;;;;;;;;614;1465;1506;3
7;1996;624;;14;162;3182;;;;74;;278;87;1507;254;1073;485;18;;;;;148;1825;;3477;;;;;602;983;;;;;;;;;;;;;;;638;1558;1507;3
8;1996;601;;20;152;3499;;;;89;;260;115;1479;251;1048;449;17;;;;;180;1723;;3413;;;;;656;894;;;;;;;;;;;;;;;621;1497;1479;3
9;1996;571;;11;170;3170;;;;76;;298;103;1312;250;1024;383;18;;;;;170;1637;;3300;;;;;585;790;;;;;;;;;;;;;;;582;1407;1312;3
10;1996;621;;6;189;3687;;;;74;;278;106;1394;272;1078;415;20;;;;;234;1715;;3527;;;;;691;877;;;;;;;;;;;;;;;627;1493;1394;3
11;1996;557;;14;182;3544;;;;92;;287;94;1412;249;1012;366;16;;;;;226;1504;;3412;;;;;713;759;;;;;;;;;;;;;;;571;1378;1412;3
12;1996;627;;12;186;3759;;;;111;;315;87;1350;319;1105;449;19;;;;;195;1553;;3701;;;;;673;729;;;;;;;;;;;;;;;639;1554;1350;3
1;1997;569;;10;170;3812;;;;59;;277;97;1442;256;1269;501;22;;;;;265;1772;;3835;;;;;737;810;;;;;;;;;;;;;;;579;1770;1442;3
2;1997;649;;11;158;3676;;;;92;;277;84;1360;198;1162;522;14;;;;;228;1564;;3787;;;;;836;729;;;;;;;;;;;;;;;660;1684;1360;3
3;1997;624;;8;161;3840;;;;73;;326;111;1634;227;1212;501;9;;;;;294;1901;;3819;;;;;897;884;;;;;;;;;;;;;;;632;1713;1634;3
4;1997;530;;14;177;3670;;;;66;;337;82;1776;246;1374;621;15;;;;;295;1845;;4114;;;;;778;1004;;;;;;;;;;;;;;;544;1995;1776;3
5;1997;586;;11;188;3599;;;;67;;418;89;1736;276;1461;633;7;;;;;277;1865;;4281;;;;;811;961;;;;;;;;;;;;;;;597;2094;1736;3
6;1997;640;;16;181;3512;;;;57;;370;79;1641;259;1349;543;17;;;;;287;1769;;3902;;;;;704;998;;;;;;;;;;;;;;;656;1892;1641;3
7;1997;541;;10;190;3155;;;;0;;325;73;1687;186;872;533;16;;;;;1062;2001;;4121;;;;;242;823;;;;;;;;;;;;;;;551;1405;1687;3
8;1997;544;;6;184;3232;;;;0;;295;79;1667;257;895;612;17;;;;;1063;1948;;4614;;;;;273;829;;;;;;;;;;;;;;;550;1507;1667;3
9;1997;601;;7;238;3528;;;;0;;294;70;1692;308;952;579;7;;;;;1059;1923;;4255;;;;;252;846;;;;;;;;;;;;;;;608;1531;1692;3
10;1997;573;;2;236;3805;;;;0;;331;90;1763;310;1080;602;13;;;;;815;1819;;4551;;;;;320;956;;;;;;;;;;;;;;;575;1682;1763;3
11;1997;529;;11;235;4084;;;;0;;308;82;1696;275;951;427;6;;;;;985;1845;;4228;;;;;275;931;;;;;;;;;;;;;;;540;1378;1696;3
12;1997;537;;11;237;4360;;;;0;;321;64;1482;265;935;500;13;;;;;1101;1582;;4456;;;;;263;859;;;;;;;;;;;;;;;548;1435;1482;3
1;1998;577;;14;236;5377;;323;;13;;380;72;1799;320;1100;614;11;;;;;1031;1754;;5060;;;;;991;968;;;;18;;;;;;;;;;;609;1714;1799;3
2;1998;519;;7;241;4714;;259;;45;;330;74;1582;255;1015;564;11;;;;;1088;1575;;4402;;;;;1102;912;;;;23;;;;;;;;;;;549;1579;1582;3
3;1998;606;;11;204;5216;;312;;110;;394;59;1762;309;1054;610;19;;;;;1191;1889;;5146;;;;;1004;1029;;;;35;;;;;;;;;;;652;1664;1762;3
4;1998;518;;10;207;4484;;373;;51;;350;67;1750;220;911;597;18;;;;;1297;1869;;4534;;;;;1056;1009;;;;41;;;;;;;;;;;569;1508;1750;3
5;1998;489;;12;211;3883;;350;;30;;305;93;1768;246;795;558;10;;;;;1284;1981;;4285;;;;;1240;1000;;;;41;;;;;;;;;;;542;1353;1768;3
6;1998;396;;5;171;4016;;321;;26;;319;62;1609;240;759;489;15;;;;;1171;1804;;4053;;;;;1282;942;;;;38;;;;;;;;;;;439;1248;1609;3
7;1998;447;;13;169;4187;;327;;62;;332;79;1966;256;879;594;10;;;;;1217;1989;;4537;;;;;1265;1109;;;;24;;;;;;;;;;;484;1473;1966;3
8;1998;433;;9;188;4582;;362;;25;;315;78;1857;189;878;518;14;;;;;1309;1752;;4532;;;;;1271;1072;;;;32;;;;;;;;;;;474;1396;1857;3
9;1998;433;;8;185;4569;;342;;29;;303;81;1691;147;831;590;7;;;;;1436;1646;;4507;;;;;1272;941;;;;32;;;;;;;;;;;473;1421;1691;3
10;1998;458;;9;202;4762;;328;;45;;296;69;1938;83;787;512;7;;;;;1711;1745;;4711;;;;;1098;1064;;;;32;;;;;;;;;;;499;1299;1938;3
11;1998;385;;22;207;4673;;418;;19;;331;74;1885;115;722;576;9;;;;;1638;1676;;4363;;;;;952;1074;;;;29;;;;;;;;;;;436;1298;1885;3
12;1998;465;;9;197;5331;;393;;7;;309;88;1912;125;827;515;9;;;;;1676;1629;;4948;;;;;844;1041;;;;10;;;;;;;;;;;484;1342;1912;3
1;1999;530;4;4;231;5351;;345;3410;112;;368;82;2241;99;877;544;4;;;;;1457;1899;;4697;0;;;;800;1012;;3021;;29;;;;;;;;32209;;;567;1421;2241;3
2;1999;508;7;14;229;5289;;349;2943;99;;347;97;2019;101;890;577;16;;;;;1530;1603;;4648;0;;;;632;961;;2951;;25;;;;;;;;30621;;;554;1467;2019;3
3;1999;451;13;12;222;5463;;328;3071;67;;421;108;2652;121;900;633;20;;;;;1883;1999;;4957;0;;;;763;1437;;3383;;25;;;;;;;;35094;;;501;1533;2652;3
4;1999;510;6;14;205;4936;;304;3232;67;;443;98;2535;103;897;713;13;;;;;1635;1841;;4845;0;;;;732;1348;;3016;;15;;;;;;;;32577;;;545;1610;2535;3
5;1999;533;6;8;209;4664;;356;3511;81;;443;114;2684;78;1067;699;15;;;;;1590;1866;;5105;0;;;;771;1426;;2930;;33;;;;;;;;33588;;;580;1766;2684;3
6;1999;494;4;4;186;4994;;355;3152;75;;459;122;2798;87;987;670;19;;;;;1620;1814;;5064;0;;;;733;1443;;3056;;20;;;;;;;;32885;;;522;1657;2798;3
7;1999;463;10;10;208;4650;;344;3293;88;;441;135;2874;72;1085;668;8;;;;;1577;1739;;5025;0;;;;754;1627;;3094;;13;;;;;;;;34052;;;496;1753;2874;3
8;1999;555;21;27;165;4789;;284;2893;91;;479;126;2580;90;1114;645;12;;;;;1507;1637;;4731;0;;;;679;1445;;3073;;18;;;;;;;;32684;;;621;1759;2580;3
9;1999;448;10;19;172;5219;;310;3086;71;;414;91;2460;73;1207;687;5;;;;;1452;1555;;4591;0;;;;682;1454;;3301;;25;;;;;;;;32756;;;502;1894;2460;3
10;1999;447;7;15;204;5474;;282;3204;76;;454;113;2550;80;1314;639;8;;;;;1380;1615;;4937;0;;;;790;1380;;3428;;21;;;;;;;;33646;;;490;1953;2550;3
11;1999;471;6;11;212;5105;;267;3099;75;;405;118;2136;72;1209;592;3;;;;;1467;1538;;5234;0;;;;815;1196;;3553;;39;;;;;;;;32548;;;527;1801;2136;3
12;1999;478;11;8;250;6087;;449;3677;99;;389;117;2137;95;1346;586;6;;;;;1629;1417;;5650;0;;;;753;1082;;3532;;26;;;;;;;;34179;;;523;1932;2137;3
1;2000;547;11;13;190;6254;;264;6254;71;;373;129;2165;245;1278;633;10;;0;;;1450;1610;;5450;1;;;;758;1188;;3334;;37;697;;;;;;;33870;;;608;1911;2165;3
2;2000;500;6;11;202;5983;;252;5983;79;;369;109;2257;293;1572;795;19;;0;;;1268;1466;;5615;0;;;;765;1695;;4143;;32;751;;;;;;;36131;;;549;2367;2257;3
3;2000;572;12;12;241;5891;;202;5891;99;;391;149;2503;274;1467;809;8;;0;;;1379;1483;;6141;0;;;;894;1952;;4033;;25;784;;;;;;;37426;;;621;2276;2503;3
4;2000;546;7;19;208;5594;;192;5594;96;;428;105;2749;303;1370;776;14;;0;;;1379;1410;;5524;1;;;;838;2106;;3896;;22;780;;;;;;;35786;;;594;2146;2749;3
5;2000;577;7;13;193;5466;;248;5466;82;;438;94;2757;327;1607;819;14;;0;;;1419;1557;;5876;0;;;;715;2189;;3822;;30;761;;;;;;;37301;;;627;2426;2757;3
6;2000;545;6;28;202;5188;;217;5188;115;;508;115;2289;324;1742;807;18;;0;;;1065;1497;;5591;1;;;;783;1907;;3688;;26;699;;;;;;;35201;;;605;2549;2289;3
7;2000;448;5;16;186;5190;;234;5190;65;;515;126;2283;278;1751;662;17;;0;;;1084;1423;;5480;0;;;;815;1896;;3803;;32;875;;;;;;;34894;;;501;2413;2283;3
8;2000;500;4;16;234;5660;;219;5660;77;;477;134;2248;253;1856;698;10;;1;;;1205;1464;;6086;0;;;;973;1916;;4482;;50;1107;;;;;;;37087;;;570;2555;2248;3
9;2000;472;3;19;196;5607;;199;5607;83;;484;111;2118;255;1916;611;17;;0;;;1112;1437;;5865;0;;;;884;1834;;4233;;43;984;;;;;;;35060;;;537;2527;2118;3
10;2000;550;8;12;279;6653;;225;6653;80;;472;129;2043;252;1935;697;17;;0;;;1238;1539;;5927;1;;;;897;1745;;5107;;46;1026;;;;;;;37393;;;616;2632;2043;3
11;2000;495;6;16;260;5827;;205;5827;96;;440;100;2119;271;1432;502;13;;779;;;1434;1512;;6014;1;;;;1066;1724;;4332;;47;929;;;;;;;35435;;;564;2713;2119;3
12;2000;535;4;25;250;6484;;221;6484;107;;469;108;2197;316;1293;496;11;;1340;;;1505;1362;;7029;0;;;;871;1764;;4343;;37;947;;;;;;;36886;;;601;3129;2197;3
1;2001;543;5;17;299;6582;;240;3416;99;;421;116;2209;264;1059;440;12;;1388;;;1818;1487;;7540;0;;;;923;1738;;4714;;43;901;;;;;;;37342;;;608;2887;2209;3
2;2001;547;6;18;295;6393;;233;3576;92;;438;111;2138;212;1106;466;14;;1223;;;1896;1426;;6481;0;;;;984;1667;;4338;;52;848;;;;;;;35666;;;623;2795;2138;3
3;2001;573;7;23;278;6611;;221;3277;114;;520;132;2589;292;1120;586;10;;1405;;;1963;1630;;7069;1;;;;940;2001;;5226;;57;1013;;;;;;;39243;;;660;3111;2589;3
4;2001;526;8;29;278;6483;;266;3720;130;;523;131;2305;281;1084;570;15;;1339;;;1853;1481;;6602;0;;;;859;1988;;4971;;53;1045;;;;;;;37865;;;616;2993;2305;3
5;2001;519;6;31;254;5609;;287;3632;102;;518;109;2234;283;1071;630;14;;1398;;;1869;1522;;6675;0;;;;940;2028;;4642;;45;1114;;;;;;;37289;;;601;3099;2234;3
6;2001;443;8;25;258;5559;;241;3384;80;;500;130;2205;273;1049;467;11;;1316;;;1812;1482;;6217;2;;;;929;1856;;4659;;50;1214;;;;;;;35618;;;526;2832;2205;3
7;2001;430;3;7;224;5464;;269;3600;65;;521;92;2053;264;1206;355;13;;1231;;;1647;1535;;6279;0;;;;1105;1865;;4565;;42;1072;;;;;;;36187;;;482;2792;2053;3
8;2001;477;8;20;242;5671;;253;3590;70;;565;86;2387;284;1328;326;18;;1320;;;1885;1554;;6426;2;;;;1354;2143;;4835;;48;1238;;;;;;;39287;;;553;2974;2387;3
9;2001;495;4;17;255;5779;;231;3642;98;;596;149;2483;270;1308;315;9;;1315;;;1962;1470;;6254;1;;;;1217;2020;;4895;;50;1113;;;;;;;37415;;;566;2938;2483;3
10;2001;547;10;21;264;6118;;218;3658;100;;714;141;2463;272;1379;339;15;;1456;;;2059;1591;;6741;0;;;;1275;2200;;5437;;57;1383;;;;;;;40485;;;635;3174;2463;3
11;2001;548;9;25;263;5969;;224;3335;91;;600;108;2522;281;1370;365;20;;1345;;;2025;1476;;6509;2;;;;1060;2191;;4852;;43;1223;;;;;;;38515;;;625;3080;2522;3
12;2001;515;9;12;276;6400;;257;3867;88;;584;120;2511;347;1418;316;13;;1201;;;2063;1543;;6878;1;;;;1006;2077;;4989;;52;1201;;;;;;;38665;;;588;2935;2511;3
1;2002;536;7;13;285;6158;;185;3358;95;4;529;124;2774;336;1316;322;17;;1297;;;2275;1785;;7230;2;;;;1040;2396;;5370;396;86;1060;;;;;;;39833;;;642;2935;2774;3
2;2002;533;0;8;267;5584;;213;3160;107;1;537;111;2611;297;1324;311;11;;1345;;;2336;1578;;6610;1;;;;988;2336;;4819;361;57;993;;;;;;;37020;;;598;2980;2611;3
3;2002;614;7;20;361;6554;;230;3769;123;4;682;134;3262;413;1578;465;9;;1422;;;2812;1781;;7291;0;;;;966;2638;;5326;416;63;1212;;;;;;;42741;;;704;3465;3262;3
4;2002;668;7;24;311;6367;;222;3585;87;2;669;165;3490;459;1722;508;14;;1369;;;2954;1839;;7206;2;;;;879;3046;;5652;409;70;1084;;;;;;;43805;;;769;3599;3490;3
5;2002;667;6;22;372;6296;;205;3466;116;5;638;166;3210;412;1616;482;13;;1324;;;2632;1806;;7138;4;;;;914;3009;;5697;419;75;1107;;;;;;;43388;;;770;3422;3210;3
6;2002;552;7;15;325;6133;;203;3481;99;8;530;135;2538;251;1472;404;8;;913;;;2089;1550;;6402;2;;;;941;2334;;5004;376;58;961;;;;;;;38595;;;632;2789;2538;3
7;2002;528;1;11;326;5426;;216;3288;130;6;568;130;2682;293;1535;393;12;;943;;;2337;1621;;6889;2;;;;1099;2556;;4998;428;73;1062;;;;;;;40149;;;613;2871;2682;3
8;2002;493;9;12;363;6512;;204;3828;118;7;583;140;2509;317;1683;426;4;;1005;;;2255;1630;;7313;2;;;;1247;2336;;5763;430;99;1290;;;;;;;42695;;;613;3114;2509;3
9;2002;540;6;17;305;5748;;232;3683;121;2;546;154;2478;296;1528;422;10;;958;;;2090;1753;;7026;4;;;;1137;2391;;5296;427;75;1356;;;;;;;40036;;;638;2908;2478;3
10;2002;577;3;17;354;7387;;224;3936;110;8;540;140;2827;353;1754;507;5;;1060;;;2486;1733;;7664;2;;;;1261;2595;;6525;444;73;1384;;;;;;;45692;;;670;3321;2827;3
11;2002;545;4;22;356;6676;;184;3753;129;5;572;169;2953;366;1730;436;13;;953;;;2486;1875;;7565;1;;;;1121;2659;;5984;438;105;1540;;;;;;;43619;;;676;3119;2953;3
12;2002;632;8;12;387;7273;;222;4014;148;4;687;183;3098;482;1795;499;8;;883;;;2605;1769;;8204;2;;;;1044;2649;;5797;437;66;1314;;;;;;;44760;;;718;3177;3098;3
1;2003;589;6;20;365;6896;245;163;3097;144;3;589;172;3236;357;1427;658;5;1;966;18;;2867;1940;0;8543;2;23;0;885;1003;2725;445;6127;409;90;1154;;;;;;;44793;3;2;705;3051;3236;3
2;2003;583;4;12;361;7099;221;188;3207;186;5;720;170;3169;443;1532;691;12;0;963;20;0;2914;1732;0;8603;3;29;0;802;1159;2678;515;6047;425;111;1324;;;;;;;45403;2;0;710;3186;3169;3
3;2003;613;5;16;332;6968;236;188;2993;156;7;640;178;2923;310;1537;683;8;1;982;33;0;2681;1833;0;9143;0;30;0;821;1133;2670;477;5793;462;113;1344;;;;;;;45417;7;1;747;3202;2923;3
4;2003;585;11;14;297;6441;215;207;3083;120;4;702;169;2966;303;1529;624;10;0;1007;37;0;2875;1694;0;8715;3;41;0;819;1061;2703;557;5626;346;125;1336;;;;;;;44184;4;1;735;3160;2966;3
5;2003;599;6;20;381;5843;189;228;3282;147;4;712;188;3167;345;1558;663;3;1;1072;26;0;3140;1805;0;8609;2;57;0;874;1019;2960;620;5436;417;96;1292;;;;;;;45572;4;1;721;3293;3167;3
6;2003;546;2;14;316;6301;198;236;3239;138;5;643;140;2686;312;1426;540;4;0;963;31;0;2733;1535;0;7668;1;59;0;859;1124;2467;648;5666;386;86;1372;;;;;;;44092;3;1;648;2929;2686;3
7;2003;527;8;17;409;6100;188;196;3228;117;3;763;174;2541;324;1395;426;4;0;1018;22;0;2789;1669;0;7933;0;48;3;977;1207;2384;625;5571;335;100;1454;;;;;;;44673;1;1;652;2839;2541;3
8;2003;500;4;10;399;5834;205;187;3251;181;5;582;164;2520;306;1491;349;2;0;1040;18;0;2818;1590;0;7645;1;50;6;900;1165;2378;609;5288;384;94;1326;;;;;;;42511;4;0;608;2880;2520;3
9;2003;512;4;16;271;6057;217;182;3184;107;4;571;188;2524;271;1504;377;1;1;1202;26;0;3029;1543;0;8124;1;77;4;966;1135;2381;659;5825;428;102;1332;;;;;;;44508;2;0;634;3083;2524;3
10;2003;489;1;16;345;6184;210;187;3566;96;6;563;143;2701;363;1457;345;0;1;1277;26;0;3031;1553;0;8137;0;121;3;1014;1192;2292;645;5704;384;132;1440;;;;;;;45199;4;0;638;3079;2701;3
11;2003;528;3;12;323;6849;232;174;3392;104;5;523;154;2429;327;1443;366;2;0;1130;14;0;2753;1560;0;7968;1;88;5;954;1174;2141;551;6042;435;75;1238;;;;;;;44024;4;0;618;2939;2429;3
12;2003;553;2;12;325;7656;221;241;3825;129;2;544;183;2669;412;1585;303;5;2;1140;20;0;3002;1488;0;8503;1;88;5;844;978;2168;546;6347;389;71;1003;;;;;;;45787;5;0;638;3028;2669;3
1;2004;578;4;12;303;6553;246;187;3239;144;11;461;169;2673;292;1384;321;1;4;1304;26;0;3102;1746;0;8562;0;95;4;963;1079;2301;492;6270;437;77;1179;;;;;;;45289;1;0;671;3009;2673;3
2;2004;540;5;16;317;6459;199;178;3167;105;3;469;163;2292;279;1431;404;1;3;1076;17;0;2931;1581;0;8438;1;87;4;841;1041;1984;417;5156;396;65;1235;;;;;;;42331;6;0;626;2911;2292;3
3;2004;529;1;17;340;6458;258;185;3218;98;5;545;180;2777;388;1529;456;5;0;1392;20;0;3230;1697;0;8960;0;124;4;1047;997;2245;590;5887;396;81;1290;;;;;;;47564;4;0;628;3377;2777;3
4;2004;514;1;21;271;6197;239;219;3155;111;4;536;150;2894;422;1890;454;3;1;996;18;0;2561;1716;0;8008;1;78;3;998;959;2370;474;5443;409;68;1421;;;;;;;44907;3;0;604;3340;2894;3
5;2004;605;5;18;341;6057;195;202;3654;110;6;562;148;3059;480;1692;384;5;0;1396;11;0;2143;1775;0;8168;0;126;1;1031;1113;2599;567;5443;382;103;1286;;;;;;;46305;6;0;731;3472;3059;3
6;2004;502;1;13;243;5470;216;190;3128;81;3;528;152;2789;419;1594;439;1;2;1371;10;0;2100;1617;0;8188;2;110;6;1102;1089;2292;564;5028;321;75;1222;;;;;;;44850;3;0;591;3404;2789;3
7;2004;505;2;15;293;5351;195;231;3276;105;3;571;162;2851;367;1763;587;4;0;1069;19;0;2072;1618;0;7822;0;55;2;1097;982;2299;581;4979;365;69;1379;;;;;;;45077;7;0;591;3419;2851;3
8;2004;521;6;14;332;6196;276;239;3341;120;4;455;133;2494;305;1946;569;1;0;799;15;0;1750;1554;0;8081;0;77;1;1070;1090;2136;714;5414;353;90;1354;;;;;;;47004;2;0;631;3314;2494;3
9;2004;507;2;21;293;6612;282;238;3480;104;3;546;122;2610;352;2059;711;2;0;475;5;0;1319;1493;0;7854;1;68;1;980;944;2069;711;5465;382;86;1254;;;;;;;46447;0;0;616;3245;2610;3
10;2004;522;6;13;320;6477;272;209;3397;86;3;472;141;2745;408;2268;756;6;5;388;9;0;1447;1608;0;8039;1;86;5;1089;937;2218;696;5307;375;114;993;;;;;;;46514;10;0;655;3412;2745;3
11;2004;570;4;18;285;6235;280;193;3343;79;3;518;177;2645;428;2281;716;3;2;437;14;0;1524;1527;0;8383;2;103;5;1141;914;2073;823;5366;347;90;1276;;;;;;;46496;1;0;682;3434;2645;3
12;2004;545;2;7;310;6943;259;259;3755;87;0;500;163;2579;574;2419;699;5;3;381;30;0;1492;1517;0;8818;2;149;1;1225;862;1936;780;5585;396;65;1232;;;;;;;47478;7;0;619;3499;2579;3
1;2005;607;6;19;385;7052;334;220;3342;87;2;428;155;2747;402;2424;650;1;4;441;25;0;1470;1749;0;9131;2;173;5;1196;979;2209;524;5920;413;72;1148;1411;;;149;;;47294;1;0;704;3515;2747;3
2;2005;619;4;12;306;5856;260;184;2643;84;3;434;147;2610;421;2537;614;6;4;410;19;0;1501;1521;0;8712;1;191;9;1016;840;2129;608;4768;317;59;1060;1391;;;159;;;44168;3;1;694;3561;2610;3
3;2005;682;2;26;345;6749;317;249;3034;86;7;464;167;3056;442;2876;811;1;11;553;19;0;1795;1811;0;9187;0;235;5;1277;1011;2459;758;5885;423;94;1334;1458;;;219;;;50182;4;1;804;4240;3056;3
4;2005;526;3;15;340;6751;289;238;3227;57;6;438;133;3051;357;2701;852;3;2;589;20;0;1758;1767;0;8633;0;271;14;1182;967;2566;708;5808;393;67;1340;954;;;127;;;49051;3;1;611;4142;3051;3
5;2005;561;6;19;387;6408;305;273;3175;51;3;465;149;2999;359;3026;892;1;3;624;25;0;1721;1927;0;8972;1;251;6;1382;987;2578;770;5404;384;93;1356;1524;;;171;;;49975;1;2;679;4542;2999;3
6;2005;488;5;17;305;6131;282;246;3061;73;4;422;144;2522;397;3018;826;2;11;624;15;0;1516;1797;0;8911;0;269;10;1375;973;2172;819;5280;339;116;1413;1440;;;171;;;49133;1;0;626;4468;2522;3
7;2005;580;5;22;302;5884;246;271;2960;72;2;449;165;2442;351;3041;843;2;7;610;19;0;1505;1806;0;8686;2;163;30;1413;981;1872;726;4872;312;90;1308;1408;;;169;;;46539;1;0;697;4494;2442;3
8;2005;562;6;18;295;6701;296;198;2980;91;5;406;185;2457;400;3253;783;2;7;701;18;0;1580;1715;0;9716;0;142;4;1485;1073;2025;838;5894;372;119;1221;1387;;;198;;;50486;1;0;705;4737;2457;3
9;2005;533;4;12;348;6067;356;225;2879;67;3;368;145;2636;341;3049;768;0;8;563;18;0;939;1723;0;7565;0;124;5;1365;984;2108;862;5010;322;111;1136;1443;;;190;;;47128;2;2;660;4380;2636;3
10;2005;503;4;15;304;7335;331;237;3081;85;4;404;139;2777;312;3436;771;0;6;641;11;0;960;1781;0;8240;0;126;8;1240;1017;2060;729;5713;415;105;1237;1426;;;165;;;50144;1;0;627;4848;2777;3
11;2005;495;9;16;315;6269;267;204;2731;76;1;353;150;2781;344;3362;779;2;3;592;13;0;927;1916;0;8267;4;124;5;1458;893;2118;699;5157;334;95;1149;1255;;;182;;;47712;3;0;615;4733;2781;3
12;2005;464;5;19;274;6746;282;240;3295;82;2;391;164;2612;496;3357;756;0;6;565;17;0;939;1809;0;8991;0;151;9;1497;1056;2036;626;5210;373;77;1174;1266;;;126;;;49604;3;2;565;4678;2612;3
1;2006;480;4;12;285;7247;311;212;3067;75;6;338;145;2660;345;3421;828;3;8;560;11;0;965;1834;0;9415;0;172;5;1480;1061;2034;701;6001;436;66;1003;1394;;;145;;;51469;1;0;562;4809;2660;3
2;2006;521;4;20;346;7165;270;181;2486;85;6;436;154;2840;386;3347;728;5;5;530;10;0;1033;1808;0;9602;0;172;2;1337;1009;2043;640;5595;392;70;1058;1497;;;223;;;49979;2;0;615;4605;2840;3
3;2006;607;6;23;362;6962;281;239;2751;73;2;424;148;3087;369;3499;769;4;3;570;22;0;970;1837;0;9116;0;168;2;1463;879;2245;748;5580;381;92;1068;1510;;;215;;;51043;4;0;728;4838;3087;3
4;2006;579;3;30;336;6185;222;213;2763;52;1;469;160;3098;371;4009;936;3;9;694;9;0;1137;1892;0;9203;0;137;0;1276;921;2217;630;5106;359;101;1146;1550;;;177;;;50239;3;0;713;5639;3098;3
5;2006;548;4;13;357;5527;254;230;2949;80;8;473;170;3223;393;4104;941;8;5;808;18;0;995;1975;0;9628;1;122;10;1540;994;2320;814;4950;336;89;1234;1598;;;142;;;51647;3;1;654;5853;3223;3
6;2006;475;7;10;317;5954;278;189;2750;63;1;398;135;2740;339;3812;892;5;0;725;11;0;998;1924;0;9012;1;92;5;1443;924;2092;689;5007;349;102;1259;1502;;;145;;;48803;2;0;594;5429;2740;3
7;2006;478;5;15;268;5705;272;232;3071;69;4;373;153;2627;341;3898;924;6;0;702;21;0;979;2041;0;9749;1;82;7;1586;1038;2198;817;4850;356;88;1168;1579;;;133;;;50777;3;1;586;5524;2627;3
8;2006;471;6;14;324;6259;263;242;3042;62;2;380;161;2662;391;3959;884;3;6;754;21;0;1003;1942;0;10107;0;107;12;1607;1005;2208;896;5463;385;124;1208;1283;;;134;;;52511;2;0;615;5597;2662;3
9;2006;521;3;19;329;5890;251;221;3120;73;7;362;147;2877;371;3912;860;0;7;692;18;0;971;1815;0;9049;1;117;6;1553;939;2173;740;5075;390;75;1089;1196;;;146;;;49377;2;0;618;5464;2877;3
10;2006;552;2;13;358;6250;277;196;3080;69;6;366;151;2939;395;4197;906;2;11;680;15;0;1597;2000;0;10862;0;219;4;1735;839;2383;676;5122;413;87;1028;1237;;;147;;;51934;0;0;654;5783;2939;3
11;2006;527;7;16;307;5847;257;227;3005;57;2;412;137;2871;424;4150;865;5;7;642;15;0;1543;1833;0;11037;0;254;15;1690;786;2186;800;4572;366;88;1104;1132;;;142;;;50619;1;0;638;5657;2871;3
12;2006;564;4;23;433;6559;264;247;3236;68;4;390;126;2700;441;4032;830;2;3;605;12;0;1440;1736;0;11457;2;219;5;1584;692;1974;705;4479;399;81;947;1065;;;141;;;50853;4;0;672;5467;2700;3
1;2007;526;7;7;307;6063;313;182;2854;88;3;329;131;2843;414;4270;839;2;4;607;17;0;1502;1964;0;11507;0;144;2;1860;805;2184;767;5359;397;117;858;1188;;;166;;;51514;1;0;657;5716;2843;3
2;2007;486;3;11;301;6345;228;185;2750;73;1;316;129;2578;309;4201;762;1;6;537;8;0;1483;1861;0;11441;1;81;1;1658;824;2039;632;5048;375;90;944;1080;;;124;;;49494;2;0;590;5500;2578;3
3;2007;640;8;22;408;7134;289;233;3235;100;11;392;159;3348;506;4861;996;5;3;690;11;0;1718;1909;0;11464;0;140;0;1932;886;2338;990;5978;474;111;1054;1191;;;167;;;56991;6;1;781;6547;3348;3
4;2007;572;3;15;367;6480;249;250;3279;73;2;432;164;2785;374;4809;875;1;3;654;13;0;1417;1713;0;10496;2;114;4;1659;825;1964;796;5385;390;131;950;1260;;;181;;;51559;1;0;721;6338;2785;3
5;2007;466;3;17;365;5377;257;242;3315;59;3;432;140;2783;392;5232;960;3;2;686;13;0;1512;1821;0;11566;0;68;11;2036;899;2230;915;4754;342;137;1062;1127;;;172;;;53550;5;0;623;6878;2783;3
6;2007;445;3;17;303;5463;255;242;3499;57;3;404;133;2547;376;5080;869;2;2;648;11;0;1422;1778;0;10844;0;50;3;1908;837;2022;941;4788;415;108;931;1073;;;141;;;51486;0;0;573;6597;2547;3
7;2007;457;3;10;315;5464;238;292;3191;50;3;404;131;2288;338;4534;784;1;3;564;11;0;1381;1689;0;10666;1;89;4;1943;846;1963;944;4880;356;81;958;1286;;;145;;;50595;1;0;551;5882;2288;3
8;2007;524;3;14;377;5614;260;266;3316;43;3;387;145;2470;342;5253;913;1;4;640;16;0;1454;1797;0;11213;1;92;6;2019;846;2122;1071;5080;386;127;895;1235;;;159;;;53477;1;2;668;6806;2470;3
9;2007;447;1;16;338;6336;292;299;3658;47;8;354;123;2375;327;5197;834;2;3;698;21;0;1423;1830;0;11057;0;93;2;1836;770;2100;876;5349;397;125;965;1247;;;137;;;52666;0;2;589;6729;2375;3
10;2007;486;1;23;309;6332;285;258;3480;50;3;396;151;2462;324;5476;846;3;7;674;9;0;1470;1817;0;11894;0;103;3;2024;862;1884;1014;5567;395;113;871;1205;;;171;;;55307;1;2;623;6996;2462;3
11;2007;528;3;17;324;6146;289;200;3230;50;0;371;130;2501;383;5229;763;2;6;581;8;0;1344;1806;0;11295;0;91;3;1857;847;1827;862;5109;360;110;821;1275;;;167;;;51733;4;2;658;6573;2501;3
12;2007;556;6;23;373;7154;267;273;3536;76;0;397;131;2510;387;5352;810;1;2;613;16;0;1493;1683;0;12039;0;77;3;1766;698;1779;825;5309;346;80;753;1188;;;123;;;53312;1;0;665;6775;2510;3
1;2008;538;5;11;308;6256;257;201;2974;60;3;376;122;2496;352;5651;828;4;7;684;17;0;1523;1815;0;12715;1;113;4;2115;727;2021;862;5553;416;109;743;1003;;;143;;;55329;1;0;663;7163;2496;3
2;2008;505;5;21;325;6012;257;183;2943;68;1;418;125;2400;238;5483;836;1;6;680;16;0;1419;1756;0;12829;0;173;1;1851;737;1732;848;4901;361;109;805;1244;;;152;;;52685;1;0;640;6999;2400;3
3;2008;527;2;21;340;6637;330;257;3653;67;1;421;129;2401;274;5377;919;3;5;699;19;0;1340;1844;0;11674;0;149;5;2180;882;1717;989;5593;396;140;922;1271;;;162;;;54890;2;0;690;6995;2401;3
4;2008;475;4;13;325;6017;292;220;3507;52;2;381;99;2179;269;5538;923;1;6;630;10;0;1340;1766;0;11589;0;132;6;2161;854;1693;986;5220;392;147;943;1303;;;148;;;53085;2;0;639;7091;2179;3
5;2008;412;2;22;334;5687;263;250;3609;55;2;412;114;2251;302;5703;856;5;2;649;16;0;1324;1781;0;12300;1;140;9;2081;848;1851;861;5181;321;147;924;1293;;;162;;;53450;0;0;583;7208;2251;3
6;2008;402;4;19;314;5493;309;220;3375;49;4;407;118;2100;225;5548;771;2;4;728;18;0;1344;1779;0;12048;1;122;2;2012;842;1653;836;4858;415;105;837;1314;;;149;;;52578;3;1;530;7047;2100;3
7;2008;413;4;21;286;5634;295;233;3273;45;1;400;100;2207;258;5918;735;6;2;696;10;0;1436;1714;0;12452;1;142;4;2056;717;1746;1084;5160;436;62;725;1515;;;156;;;54643;3;0;500;7349;2207;3
8;2008;430;10;18;333;6085;321;253;3339;43;8;379;129;2307;237;5602;785;9;5;717;17;0;1562;1894;0;12129;0;121;7;2012;703;1667;1065;5412;465;30;692;1361;;;136;;;54629;2;0;488;7104;2307;3
9;2008;435;4;25;332;5873;356;214;3484;37;4;394;134;2308;226;5625;796;8;3;798;10;0;1434;1772;0;12137;2;134;7;1858;776;1670;933;5380;463;62;676;1299;;;151;;;54732;2;0;526;7219;2308;3
10;2008;557;1;24;357;6598;438;233;3739;35;2;454;141;2630;278;6186;922;1;6;907;14;0;1514;1832;0;12996;0;150;6;1878;797;1885;769;5893;488;74;807;1386;;;178;;;59018;4;1;656;8015;2630;3
11;2008;516;2;24;403;6475;356;259;3406;48;2;415;135;2231;213;5551;781;3;1;719;11;0;1346;1893;0;11878;1;121;4;1750;866;1720;769;6057;506;81;794;1274;;;150;;;54772;1;1;623;7051;2231;3
12;2008;507;2;16;398;6707;372;230;3547;52;2;437;147;2337;300;5857;769;4;4;707;14;0;1343;1782;0;12570;1;206;8;1731;688;1705;783;5645;436;71;665;1245;;;134;;;54934;1;1;596;7333;2337;3
1;2009;551;2;13;378;6631;381;189;3167;41;1;392;125;2573;212;6145;829;5;6;718;12;0;1315;1789;0;12896;0;73;7;1752;830;1883;803;6033;465;94;716;1317;;;163;;;56360;3;0;660;7692;2573;3
2;2009;556;4;19;383;6595;322;204;3230;50;0;381;136;2367;188;6279;788;3;5;659;12;0;1427;1691;0;13037;0;123;6;1644;854;1742;800;5889;414;75;704;1336;;;174;;;55116;3;2;654;7726;2367;3
3;2009;588;5;30;444;7183;441;239;3493;50;0;465;156;2564;236;6686;926;3;3;782;18;0;1624;1830;0;13099;1;128;2;1975;980;1880;1097;6719;553;103;923;1600;;;170;;;61430;2;1;726;8394;2564;3
4;2009;542;3;27;423;6705;359;189;3073;39;2;450;134;2310;226;6369;769;5;6;711;10;0;1341;1759;0;11811;1;118;5;1609;856;1788;1017;5922;429;102;739;1569;;;159;;;55492;1;2;674;7849;2310;3
5;2009;522;0;14;386;6565;372;194;3571;29;3;418;135;2340;236;6506;780;0;12;799;17;0;1330;1679;0;12754;2;112;8;1956;878;1795;944;5904;401;80;789;1534;;;182;;;57585;3;2;616;8085;2340;3
6;2009;439;6;11;378;5640;337;206;3241;32;3;410;143;1968;221;6277;802;6;8;766;13;0;1256;1638;0;11898;0;120;4;1892;827;1737;1105;5376;451;107;764;1475;;;138;;;54415;4;0;563;7845;1968;3
7;2009;397;3;18;322;5669;334;165;3440;43;5;446;129;1982;206;6063;737;4;3;758;11;0;1262;1659;0;12303;2;95;12;2064;873;1613;1173;5352;450;87;760;1501;;;198;;;55197;1;0;505;7558;1982;3
8;2009;432;3;12;398;6132;322;203;3402;41;3;394;116;1928;228;5557;745;5;2;661;12;0;1262;1699;0;12069;0;96;9;1948;985;1533;1247;5447;392;75;716;1765;;;243;;;54526;0;0;522;6963;1928;3
9;2009;433;3;18;365;6678;330;203;3534;37;5;424;147;1728;217;5354;660;3;3;687;14;0;1054;1619;0;12408;2;100;6;1918;1052;1515;1126;5956;442;82;750;1661;;;253;;;54919;2;0;536;6701;1728;3
10;2009;419;1;21;316;6452;363;175;3584;40;4;396;146;1758;187;5247;676;3;4;701;13;0;1072;1680;0;12048;0;85;7;1812;1005;1466;886;5947;427;93;669;1692;;;199;;;53531;3;0;534;6624;1758;3
11;2009;438;4;13;346;7857;230;219;3720;44;4;383;145;1688;224;5336;625;3;2;636;8;0;1114;1576;0;12464;1;95;6;1752;922;1423;879;6688;455;76;737;1516;;;201;;;56000;0;0;531;6597;1688;3
12;2009;476;10;25;333;7137;329;187;3772;49;0;385;150;1830;269;5247;593;2;1;621;10;0;1189;1723;0;13116;2;77;6;1697;928;1538;788;6009;546;74;647;1502;;;192;;;55145;2;0;585;6461;1830;3
1;2010;447;6;19;377;7716;345;161;3511;69;2;373;123;1945;234;5292;568;1;4;622;10;0;1175;1683;0;13167;2;89;5;1716;891;1497;693;6868;481;77;641;1513;;;199;;;56534;3;3;549;6482;1945;3
2;2010;473;3;6;329;7201;391;198;3267;67;1;348;116;1739;221;5361;582;2;1;546;6;0;1126;1669;0;14687;0;65;7;1628;865;1320;755;6403;473;62;541;1479;;;182;;;56299;1;0;544;6489;1739;3
3;2010;492;4;17;391;6767;341;186;3661;57;3;441;148;2041;229;6036;795;2;3;693;14;0;1245;1713;0;13829;2;169;12;2249;933;1584;960;6618;447;81;623;1667;;;218;;;59907;0;0;594;7524;2041;3
4;2010;432;2;11;347;6185;337;216;3209;45;1;420;113;1784;181;5581;716;2;1;574;6;0;1119;1594;0;12201;0;140;6;1813;871;1378;727;6051;437;102;638;1677;;;222;;;53658;0;0;547;6871;1784;3
5;2010;361;7;11;345;6267;345;208;3674;44;2;441;132;1648;215;5749;691;2;3;650;8;0;1110;1670;0;13500;0;122;5;2215;1038;1438;1198;5892;403;109;736;1909;;;254;;;58057;1;0;488;7090;1648;3
6;2010;347;7;12;278;6153;347;185;3462;46;2;363;121;1699;212;5083;669;1;2;613;12;0;1020;1585;0;12679;0;107;11;2032;1006;1399;1065;5707;402;74;666;1534;;;213;;;53942;0;0;440;6365;1699;3
7;2010;324;3;12;288;6050;402;206;3636;29;1;372;103;1666;209;5143;784;1;4;589;9;0;1001;1557;0;12595;0;99;7;2096;1044;1452;1146;6146;439;58;579;1576;;;216;;;55674;3;0;397;6516;1666;3
8;2010;344;8;12;333;6412;402;178;3889;33;2;362;120;1558;184;5166;695;1;2;543;10;0;993;1628;0;12743;1;119;14;2094;1071;1414;1341;6458;436;30;556;1689;;;220;;;56596;0;1;394;6404;1558;3
9;2010;360;1;21;310;6584;402;211;3673;36;3;411;135;1489;211;5200;671;5;5;590;4;0;997;1408;0;12453;1;113;5;2035;1080;1263;1002;6372;472;34;505;1533;;;253;;;54971;2;1;416;6461;1489;3
10;2010;406;7;16;408;7116;359;219;3832;34;3;427;123;1590;170;5266;765;1;3;607;3;0;1077;1545;0;12541;0;122;5;1946;1220;1219;1036;6524;494;71;631;1705;;;295;;;56358;0;0;500;6638;1590;3
11;2010;364;1;7;368;6606;442;182;3291;40;4;338;107;1413;266;4925;646;1;3;518;6;0;939;1318;0;12152;1;135;7;2150;1391;1271;1046;6449;462;102;843;1836;;;306;;;54447;2;0;474;6089;1413;3
12;2010;417;1;12;372;8019;476;250;3740;45;4;371;124;1480;287;4544;620;3;2;443;11;0;1005;1382;0;13477;0;129;4;2079;1135;1333;989;6873;527;55;642;1759;;;228;;;57604;3;0;485;5607;1480;3
1;2011;425;5;9;413;8272;396;179;3923;52;1;409;92;1567;231;4771;616;4;1;505;4;0;1003;1423;0;13591;2;143;14;2025;1068;1375;854;7403;488;61;596;1790;;;250;;;57852;0;0;500;5892;1567;3
2;2011;368;2;7;379;7844;416;187;3727;47;2;453;81;1490;234;4742;588;3;2;516;8;0;1020;1227;0;13954;0;144;5;2121;1094;1288;857;7172;451;39;504;1667;;;221;;;57840;0;0;416;5846;1490;3
3;2011;381;6;9;395;7143;434;243;3716;37;3;401;129;1544;226;5215;621;5;0;515;6;0;1054;1354;0;15946;0;148;7;2267;1283;1329;1200;7072;521;68;663;2181;;;268;;;62560;1;2;464;6351;1544;3
4;2011;403;7;6;387;7100;389;186;3735;60;1;414;105;1491;239;4687;598;1;2;495;13;0;1087;1293;0;13496;1;144;20;2119;1370;1233;1138;7313;469;68;713;2196;;;356;;;58691;0;0;484;5780;1491;3
5;2011;368;3;10;353;6423;417;220;3796;46;6;408;88;1462;273;4640;559;5;0;496;8;0;984;1360;0;13877;0;222;15;2636;1409;1277;1179;6859;452;74;688;2139;;;296;;;59364;2;0;455;5695;1462;3
6;2011;307;2;18;272;6396;395;181;3979;42;2;372;97;1439;247;4433;502;2;1;445;7;0;970;1244;0;12906;0;186;12;2465;1246;1300;1291;6453;498;62;589;1739;;;281;;;56247;0;0;389;5380;1439;3
7;2011;331;2;6;326;6682;365;219;3995;40;7;393;91;1604;221;4562;533;3;0;482;13;0;998;1265;0;12549;1;192;8;2528;1291;1285;1357;6205;438;37;602;1866;;;276;;;56198;1;0;376;5577;1604;3
8;2011;371;2;11;352;7067;423;226;4289;38;6;354;82;1642;253;4725;537;5;1;458;12;0;1045;1250;0;13071;0;194;13;2788;1291;1467;1841;7005;465;18;560;1872;;;283;;;59713;0;0;402;5720;1642;3
9;2011;323;4;8;333;6486;448;234;3935;35;2;343;90;1629;242;4527;546;4;3;407;14;0;1079;1274;0;12901;1;157;18;2611;1287;1374;1523;6440;414;23;580;1842;;;289;;;56593;3;0;358;5480;1629;3
10;2011;318;2;11;345;7036;404;213;3868;36;4;394;115;1695;257;4137;511;1;1;397;6;0;1021;1413;0;12392;2;135;10;2471;1188;1374;1407;6519;427;20;525;1847;;;276;;;56597;0;1;351;5045;1695;3
11;2011;339;2;10;329;6524;380;205;3552;38;6;355;92;1595;300;4076;437;0;1;372;5;0;1025;1263;0;12313;3;153;8;2598;1359;1483;1521;6200;425;33;760;1959;;;334;;;55043;0;0;384;4885;1595;3
12;2011;345;3;13;358;7736;404;220;4219;48;4;356;108;1615;350;4163;418;4;1;303;4;0;1049;1227;0;13411;0;115;13;2617;1387;1357;1491;6632;440;20;655;1992;;;336;;;59577;0;2;381;4884;1615;3
1;2012;329;2;12;412;7490;492;202;3733;44;1;384;104;1630;299;4094;417;3;2;362;4;0;1126;1386;0;13800;0;166;13;2560;1379;1413;1324;6827;513;38;628;1930;;;307;;;58558;0;1;381;4873;1630;3
2;2012;395;2;14;538;7849;479;175;3722;55;1;457;108;1981;288;4533;458;3;2;379;6;0;1106;1367;0;16496;1;123;18;2328;1171;1351;1249;6810;484;35;570;1863;;;318;;;61283;0;0;446;5370;1981;3
3;2012;394;2;17;369;7540;548;168;4092;54;4;479;147;2026;348;4372;479;0;2;407;6;0;1173;1431;0;13925;1;151;5;2857;1549;1643;1621;7350;484;38;635;2052;;;396;;;62187;1;0;451;5258;2026;3
4;2012;342;2;7;387;7361;456;191;3769;46;0;440;121;2066;298;4286;419;2;1;372;12;0;1062;1412;0;12955;1;133;8;2346;1627;1633;1369;6845;462;45;707;2112;;;481;;;58264;2;1;396;5077;2066;3
5;2012;346;1;10;375;6916;473;203;3884;45;6;456;148;2047;342;4676;495;1;2;410;11;0;1086;1373;0;14173;2;205;16;2809;1724;1803;1407;6820;460;41;676;2170;;;482;;;62143;2;1;398;5581;2047;3
6;2012;318;4;9;357;6926;485;209;3714;34;5;446;102;1743;287;4047;424;1;5;355;5;0;997;1266;0;12555;0;243;8;2478;1736;1377;1361;6574;494;19;563;2198;;;525;;;57356;1;0;350;4826;1743;3
7;2012;298;5;15;329;7346;540;227;4164;38;2;481;98;1688;265;4163;377;2;1;407;8;0;971;1331;0;13321;2;196;14;3245;1678;1408;1452;6900;524;49;633;2051;;;466;;;61308;2;0;367;4947;1688;3
8;2012;294;1;11;349;7328;515;220;4221;51;1;422;100;1751;328;4041;345;2;3;371;7;0;1086;1309;0;13419;2;140;7;3248;1644;1395;1537;7025;517;44;594;2151;;;428;;;60926;0;0;350;4757;1751;3
9;2012;331;0;13;327;7214;540;180;4092;48;5;419;104;1754;247;3553;348;1;5;337;11;0;961;1283;0;12029;4;108;6;2631;1437;1300;1363;6838;518;15;530;1915;;;403;;;56387;2;0;359;4238;1754;3
10;2012;314;0;18;376;7791;561;224;4296;47;2;420;89;1762;315;4029;350;1;1;349;10;0;984;1382;0;13343;0;135;8;3182;1545;1473;1261;7365;552;31;591;2038;;;447;;;62040;1;0;363;4728;1762;3
11;2012;325;2;8;343;6900;490;206;3744;26;2;398;96;1728;288;3898;362;2;1;312;4;0;1044;1362;0;12654;0;127;9;3031;1678;1374;1245;6369;463;38;636;2026;;;472;;;56523;0;1;373;4572;1728;3
12;2012;395;3;8;412;8805;496;239;4124;50;1;411;104;1889;351;3868;367;2;5;301;8;0;1019;1361;0;13806;0;110;7;2848;1522;1276;1147;7515;504;26;604;2050;;;317;;;61758;3;0;432;4536;1889;3
1;2013;397;2;11;383;6800;514;175;3396;46;2;489;125;1946;336;4352;405;0;4;348;8;0;963;1413;0;14698;1;166;10;3328;1751;1542;1167;7026;554;29;615;2120;;;402;;;61491;0;0;439;5105;1946;3
2;2013;389;4;6;457;8371;512;171;3462;44;4;452;118;1909;258;4678;421;2;6;372;9;0;953;1316;0;16239;1;138;9;2780;1866;1485;1174;7171;499;29;679;2454;;;617;;;64179;1;0;428;5471;1909;3
3;2013;411;1;11;479;7944;508;163;3895;64;4;534;139;2256;262;4792;462;0;1;366;14;0;1119;1509;0;13328;0;152;13;3060;2151;1620;1426;7574;560;38;719;2713;;;711;;;64660;1;0;461;5620;2256;3
4;2013;417;8;10;352;7310;545;146;3775;38;1;524;131;2185;290;4934;415;4;11;400;6;0;1174;1414;0;13161;0;140;2;3316;2096;1769;1459;6877;577;37;753;2627;;;593;;;63662;1;0;472;5749;2185;3
5;2013;430;2;8;396;7301;482;175;3600;48;4;661;131;2139;307;5194;550;2;2;467;16;0;1226;1429;0;13209;0;125;2;3217;2041;1728;1564;6960;499;41;671;2589;;;548;;;64934;1;1;481;6211;2139;3
6;2013;362;4;16;378;7346;483;195;3988;35;5;641;110;2242;229;4720;494;3;3;497;15;0;1126;1432;0;13028;0;161;11;3034;1815;1646;1513;6810;513;26;692;2677;;;585;;;62910;1;0;408;5711;2242;3
7;2013;302;1;11;317;6700;480;176;3941;36;5;625;141;2242;256;4964;523;3;3;470;11;0;1150;1501;0;14585;0;174;13;3114;1794;1861;1734;6307;368;36;633;2392;;;591;;;64980;1;2;350;5957;2242;3
8;2013;407;3;17;344;6706;457;217;4304;30;4;610;127;2525;290;5333;627;1;3;535;8;0;1203;1549;0;13131;0;172;18;3241;1922;1904;1612;6659;405;27;605;2396;;;577;;;65047;3;0;454;6495;2525;3
9;2013;378;4;16;449;7150;509;245;4313;34;4;588;105;2382;282;5098;632;2;7;572;14;0;1107;1578;0;14246;0;169;13;2857;1973;1950;1463;6866;424;41;678;2470;;;699;;;65831;3;0;439;6302;2382;3
10;2013;377;3;12;441;7508;520;184;4142;41;5;546;120;2639;295;5531;579;1;4;529;8;0;1270;1588;0;13808;0;168;5;3139;2141;2077;1681;7117;497;38;735;2634;;;690;;;68030;2;1;430;6639;2639;3
11;2013;414;2;13;420;7278;467;189;4116;45;4;609;127;2644;309;5355;542;2;4;473;12;0;1243;1441;0;12646;1;152;14;2645;1836;1906;1646;6870;443;31;755;2394;;;681;;;63796;2;0;460;6370;2644;3
12;2013;461;5;17;532;8207;408;195;4184;41;6;661;117;2893;420;5667;523;1;2;436;11;0;1230;1498;0;13068;0;151;7;2678;1841;1867;1137;7452;483;43;566;2344;;;528;;;65609;0;0;526;6626;2893;3
1;2014;464;3;15;557;9050;555;194;4064;66;3;774;126;3206;489;6625;662;6;4;473;9;0;1396;1638;0;15624;0;178;31;3017;2356;2342;1490;9034;628;50;696;2682;;;562;;;75403;0;0;532;7760;3206;3
2;2014;482;5;16;543;8093;555;166;3787;63;3;728;140;3025;418;6555;621;4;5;461;14;0;1290;1484;0;14372;0;154;18;2873;2126;2167;1292;8049;520;56;742;2650;;;696;;;69434;1;0;559;7637;3025;3
3;2014;510;5;10;544;8357;479;214;3938;59;2;773;125;2947;401;7014;639;2;4;555;16;0;1235;1640;0;16363;1;175;17;2745;2046;2355;1541;8154;563;46;759;2677;;;632;;;72915;5;0;571;8208;2947;3
4;2014;449;1;17;559;7484;469;194;3638;41;3;758;120;3073;371;6777;657;3;5;554;9;0;1381;1498;0;12904;0;129;14;2700;2161;2426;1706;7440;532;37;662;2660;;;555;;;67358;1;0;505;7988;3073;3
5;2014;444;3;8;505;6249;442;161;3941;32;3;728;139;3073;520;7033;571;1;4;573;9;0;1279;1510;0;12721;0;163;17;2864;2086;2495;1934;6689;451;53;747;2835;;;628;;;66175;2;0;508;8177;3073;3
6;2014;377;1;18;503;7229;429;185;3831;25;3;649;104;2635;386;6716;565;0;2;616;6;0;1134;1391;0;13670;0;134;13;2793;2040;2003;1523;6843;447;45;769;2627;;;534;;;65397;2;0;441;7897;2635;3
7;2014;370;4;14;439;6070;442;156;3573;38;2;650;95;2479;442;7196;592;2;1;647;14;0;1246;1456;0;14896;0;125;6;3146;2220;2105;2110;6376;429;57;659;2645;;;658;;;67615;2;0;445;8435;2479;3
8;2014;373;4;9;419;6250;450;185;3964;38;3;546;104;2411;448;6715;505;3;2;748;5;0;1026;1493;0;12188;0;139;7;2871;2436;1995;1677;6609;493;45;746;2782;;;725;;;65097;2;0;431;7968;2411;3
9;2014;345;4;7;528;6884;482;153;4112;55;2;512;76;2270;481;6478;533;1;6;759;2;0;999;1341;0;12641;0;152;9;3000;2480;1951;2317;7125;510;49;696;2751;;;871;;;67511;1;0;405;7770;2270;3
10;2014;375;3;11;542;7247;474;163;4014;41;4;499;82;2289;545;6741;649;4;4;793;6;0;1215;1429;0;13106;0;184;8;3298;2344;1860;1661;7224;524;45;813;2798;;;956;;;68540;1;0;434;8183;2289;3
11;2014;345;2;11;582;7044;472;156;3821;48;4;524;97;2413;602;6248;609;2;2;820;6;0;1198;1377;0;12830;0;149;6;2824;2414;1671;1693;6837;558;63;738;2630;;;838;;;65986;1;0;421;7677;2413;3
12;2014;408;6;16;645;7604;427;153;3916;39;1;601;97;2830;787;6363;711;0;5;759;4;0;1303;1426;0;13342;0;125;22;2639;2224;1857;1294;7019;546;38;622;2604;;;725;;;67296;0;0;468;7833;2830;3
1;2015;439;1;11;618;7747;485;166;3522;54;2;666;105;2874;735;6928;702;2;4;915;3;0;1433;1593;0;14761;1;143;9;3171;2492;2328;1580;7272;577;65;810;;3430;4442;;956;980;71617;3;0;516;8545;2874;3
2;2015;326;8;10;479;6757;346;134;2966;43;2;562;78;2494;507;6421;499;3;4;906;10;0;1389;1334;0;15970;0;124;14;2378;2334;1969;1467;6135;500;83;752;;3329;4277;;921;945;65058;1;0;427;7826;2494;3
3;2015;382;1;15;545;6795;439;144;3600;55;13;609;106;2861;548;6145;586;2;3;904;13;0;1442;1521;0;14201;0;186;17;3266;2514;2310;1748;7088;593;54;879;;3851;4987;;990;1026;69267;3;0;452;7635;2861;3
4;2015;339;4;21;490;6293;420;142;3358;38;1;526;87;2690;481;5551;636;5;5;890;12;0;1264;1321;0;12823;1;154;13;2657;2252;1968;1955;6259;504;59;761;;3494;4879;;894;918;63077;2;0;423;7077;2690;3
5;2015;347;2;8;482;5844;354;159;3322;44;4;525;83;2451;559;5416;643;3;1;916;5;0;1363;1432;0;13402;1;206;7;3019;2256;2031;1874;5992;520;44;787;;3641;4800;;792;818;64230;4;1;401;6975;2451;3
6;2015;272;2;16;477;5535;389;140;3369;52;4;465;96;2254;566;4421;619;3;1;896;5;3;1349;1333;5;12931;0;192;10;2940;2134;1768;1672;5678;493;44;703;;3569;4653;;760;775;60357;1;1;334;5936;2254;3
7;2015;306;2;9;484;5711;427;146;3399;38;2;595;96;2425;542;4844;602;1;3;964;8;24;1265;1381;220;12680;0;183;11;3146;2543;1905;1802;5917;498;61;733;;3486;4647;;845;866;63135;2;1;378;6410;2425;3
8;2015;336;2;11;467;6268;436;154;3603;45;1;530;100;2322;486;4825;628;0;2;1109;5;17;1266;1390;170;12587;0;191;10;2970;2461;1837;1776;5993;487;49;812;;3635;4804;;876;885;63173;0;0;398;6562;2322;3
9;2015;351;0;6;598;6165;388;141;3304;48;8;561;91;2417;536;4760;793;2;2;1195;8;21;1276;1419;187;13875;1;162;6;2760;2267;1851;1668;5914;592;58;705;;3289;4418;;860;887;63327;2;0;415;6748;2417;3
10;2015;380;2;10;410;6531;383;150;3400;34;2;514;109;2500;661;5076;719;1;3;1073;3;19;1308;1388;201;12605;0;156;14;2959;2410;1848;1722;6422;509;52;697;;3392;4522;;880;896;64029;0;0;444;6868;2500;3
11;2015;340;5;5;479;6774;405;156;3072;31;4;591;115;2611;684;5410;651;2;4;1167;4;17;1303;1455;149;12352;0;193;7;3046;2213;1925;1644;6124;552;47;654;;3361;4440;;790;807;63006;2;0;397;7228;2611;3
12;2015;382;3;11;480;6956;415;152;3456;51;5;612;122;3136;920;5640;727;3;1;1103;7;17;1530;1377;154;13628;0;138;15;3283;2213;1923;1379;6138;523;29;663;;2901;3880;;698;729;67080;3;0;425;7470;3136;3
1;2016;406;2;18;518;6319;407;174;2827;49;3;618;123;3358;732;7209;814;2;1;1342;6;23;1445;1515;147;14250;0;137;5;3042;2249;2341;1376;5660;606;53;727;;3217;4116;;900;957;67980;1;0;479;9365;3358;3
2;2016;404;6;22;497;6573;329;139;2865;43;7;579;114;3056;621;7753;813;3;2;1376;4;14;1818;1456;168;14935;0;118;6;2673;2092;2103;1437;5767;481;49;768;;3424;4351;;808;887;68785;0;0;481;9942;3056;3
3;2016;445;2;18;552;6358;380;111;2929;59;6;599;97;3392;636;7455;909;3;10;1448;11;17;1617;1409;173;12590;0;195;6;3271;2287;2499;1639;6167;501;61;856;;3735;4773;;1005;1032;68196;4;0;526;9812;3392;3
4;2016;475;1;15;549;5772;428;140;3056;36;1;575;107;3259;727;6774;896;2;2;1456;8;13;1692;1438;171;11424;1;151;9;2936;2047;2392;1354;5317;468;78;786;;3357;4282;;851;904;63881;3;1;569;9126;3259;3
5;2016;369;4;16;480;5336;371;145;2869;38;7;599;91;3258;734;7446;1026;0;2;1447;3;15;1800;1541;197;11778;0;141;7;3360;2125;2417;1529;4999;456;84;806;;3395;4394;;734;869;65276;5;1;473;9919;3258;3
6;2016;373;5;25;421;4680;368;122;2940;43;1;517;120;3310;698;8000;1114;3;3;1617;5;19;1706;1454;160;11120;0;109;4;3097;1972;2393;1650;4981;427;75;742;;3298;4388;;740;869;64330;1;0;478;10731;3310;3
7;2016;368;8;15;482;5639;394;144;3019;50;1;631;100;3105;700;7834;1144;1;8;1681;5;17;1607;1300;148;11833;2;126;3;3129;2221;2399;1551;5178;497;74;702;;3447;4456;;639;779;66294;3;0;465;10659;3105;3
8;2016;387;4;14;530;5371;390;159;3209;41;1;642;103;3041;759;8032;1173;1;2;1754;7;13;1690;1241;161;14549;0;109;5;3484;2148;2084;1381;5239;437;74;659;;3377;4198;;769;825;69548;7;0;479;10959;3041;3
9;2016;425;3;19;478;5681;431;153;2864;45;3;668;110;3439;892;8050;1310;2;4;1805;2;21;1760;1281;193;12393;1;128;3;3038;2057;2365;1179;5489;463;88;683;;3073;3756;;831;852;67474;1;0;535;11165;3439;3
10;2016;465;7;30;511;6372;412;171;2992;44;2;645;110;4181;944;8957;1526;3;3;1947;8;18;1883;1367;183;12153;5;152;4;3279;1888;2480;1099;5537;566;87;715;;3134;3781;;780;817;70271;2;0;589;12430;4181;3
11;2016;461;8;18;528;5708;392;142;2622;46;2;663;136;4111;1102;8676;1611;2;9;1880;8;8;2015;1394;146;11452;1;127;10;2798;1901;2712;1083;5197;493;94;745;;3171;3780;;825;855;66725;7;0;581;12167;4111;3
12;2016;464;6;29;509;6254;403;183;2758;47;3;552;107;4186;1329;7632;1395;2;5;1796;5;13;2136;1363;166;11989;1;117;3;2805;2029;2505;1067;5317;510;108;821;;3338;4022;;797;824;67283;4;0;607;10823;4186;3
1;2017;476;1;25;550;4711;409;151;1763;45;1;333;81;4207;693;5146;831;3;3;1138;1;8;1785;1357;128;8586;0;84;7;1727;2025;3150;951;3794;367;98;753;;3107;3724;;795;824;51390;4;0;600;7115;4207;2
2;2017;502;4;26;453;2525;324;166;851;39;1;277;49;4287;452;2265;487;0;4;552;3;4;1340;1310;39;4444;0;48;6;717;1266;2307;879;1409;236;84;569;;2623;3210;;553;594;31230;1;0;616;3304;4287;2
3;2017;497;6;28;450;3901;421;171;1400;33;1;522;97;5004;780;6132;1310;3;7;1950;4;21;3678;1428;158;12030;3;128;1;1996;1706;2932;1429;3058;350;120;769;;3539;4348;;823;845;60414;1;0;651;9392;5004;2
4;2017;430;1;22;538;5666;363;179;2384;27;2;651;127;4891;1032;8551;1591;1;6;2519;7;14;3539;1289;204;11217;0;132;6;2616;1814;3481;1307;4596;361;81;746;;3447;4219;;698;740;67964;7;0;534;12661;4891;2
